{
    "meta": {
        "dataset": "raw::p2ee_100k",
        "file": "p2ee_100k.parquet",
        "test_rate": 0.2,
        "random_seed": 43,
        "beta_plus": 1.0,
        "beta_minus": 0.3,
        "delta": 20,
        "timestamp": "2021-09-21 14:33:38",
        "model": "isotonic"
    },
    "metrics": {
        "train": {
            "R2": 0.9219674891116177,
            "RE": 493.2444444444444,
            "RMSE": 56.21526738151996,
            "MAE": 40.503050254135196,
            "MAPE": 0.3186594080183852,
            "MSLE": 0.12555376361163895,
            "MED": 29.289965986394577,
            "EVS": 0.9219674891116177,
            "MTD": 3160.1562867757816,
            "MPD": 15.184804838074957,
            "MGD": 0.12018253933975252
        },
        "test": {
            "R2": 0.9224901736286396,
            "RE": 518.5054945054945,
            "RMSE": 55.95697609129502,
            "MAE": 40.232687388861045,
            "MAPE": 0.318610494061802,
            "MSLE": 0.12499811666515417,
            "MED": 29.04170905391659,
            "EVS": 0.9225037059776905,
            "MTD": 3131.1831732817623,
            "MPD": 15.04563845761425,
            "MGD": 0.11925193143481859
        },
        "performance": {
            "loss": {
                "min": 0,
                "max": 228,
                "avg": 19.201755909421017
            },
            "loss_probability": {
                "min": 0.0,
                "max": 0.22265625,
                "avg": 0.018751714755293962
            },
            "qos": {
                "min": 0.77734375,
                "max": 1.0,
                "avg": 0.9812410544534431
            },
            "queue_efficiency": {
                "min": 0.23140495867768596,
                "max": 1.0,
                "avg": 0.8632574540065355
            },
            "penalty": {
                "min": 0.0,
                "max": 228.0,
                "avg": 22.860141363845145
            }
        }
    },
    "prediction": {
        "hurst": [
            0.5,
            0.55,
            0.6,
            0.65,
            0.7,
            0.75,
            0.8,
            0.8500000000000001,
            0.9,
            0.95,
            1.0
        ],
        "queue_size": [
            45,
            67,
            72,
            80,
            93,
            113,
            141,
            194,
            273,
            467,
            1024
        ]
    }
}