{
    "meta": {
        "dataset": "raw::p2em_100k",
        "file": "p2em_100k.parquet",
        "test_rate": 0.2,
        "random_seed": 43,
        "beta_plus": 1.0,
        "beta_minus": 0.3,
        "delta": 20,
        "timestamp": "2021-09-19 12:09:19",
        "model": "isotonic"
    },
    "metrics": {
        "train": {
            "R2": 0.5399014385211605,
            "RE": 140.34007029876977,
            "RMSE": 13.404049536003388,
            "MAE": 8.99894037961205,
            "MAPE": 0.2637498462307878,
            "MSLE": 0.08987041469378389,
            "MED": 5.833333333333332,
            "EVS": 0.5399014385211605,
            "MTD": 179.66854396363263,
            "MPD": 3.7666386006273345,
            "MGD": 0.09505426035416051
        },
        "test": {
            "R2": 0.5320095703212226,
            "RE": 110.94491525423729,
            "RMSE": 13.439370795225168,
            "MAE": 9.082246781553657,
            "MAPE": 0.2664239738544,
            "MSLE": 0.09113024552369926,
            "MED": 5.926343154246101,
            "EVS": 0.5320251677659729,
            "MTD": 180.61668737155117,
            "MPD": 3.8015470881749738,
            "MGD": 0.09615802891420035
        },
        "performance": {
            "loss": {
                "min": 0.0,
                "max": 110.0,
                "avg": 4.31197767189224
            },
            "loss_probability": {
                "min": 0.0,
                "max": 0.107421875,
                "avg": 0.004210915695207266
            },
            "qos": {
                "min": 0.892578125,
                "max": 1.0,
                "avg": 0.9957806981743255
            },
            "queue_efficiency": {
                "min": 0.2923076923076923,
                "max": 1.0,
                "avg": 0.869805162862578
            },
            "penalty": {
                "min": 0.0,
                "max": 110.0,
                "avg": 4.408502736943298
            }
        }
    },
    "prediction": {
        "hurst": [
            0.5,
            0.55,
            0.6,
            0.65,
            0.7,
            0.75,
            0.8,
            0.8500000000000001,
            0.9,
            0.95,
            1.0
        ],
        "queue_size": [
            136,
            59,
            48,
            40,
            34,
            31,
            27,
            24,
            22,
            20,
            13
        ]
    }
}